qid	doc_id	total_chunks	maxsim_chunk_idx	gt_chunk_idx	diff	abs_diff	maxsim_score
q-en-1001	doc-en-7617	95	52	52	0	0	0.6137
q-en-1005	doc-en-7644	88	57	56	1	1	0.6969
q-en-1009	doc-en-7671	101	51	50	1	1	0.5116
q-en-1010	doc-en-7679	104	66	65	1	1	0.7078
q-en-1013	doc-en-7699	91	77	76	1	1	0.4410
q-en-1015	doc-en-7714	117	112	22	90	90	0.2294
q-en-1017	doc-en-7730	89	46	45	1	1	0.7816
q-en-1018	doc-en-7562	128	65	8	57	57	0.5486
q-en-1023	doc-en-7768	110	75	74	1	1	0.6628
q-en-1024	doc-en-7775	97	68	67	1	1	0.7100
q-en-1029	doc-en-7811	108	68	67	1	1	0.6186
q-en-103	doc-en-496	108	74	39	35	35	0.6270
q-en-1030	doc-en-7819	115	0	68	-68	68	0.5808
q-en-1031	doc-en-7826	95	62	61	1	1	0.5791
q-en-1034	doc-en-7849	103	77	76	1	1	0.5075
q-en-1036	doc-en-7864	90	69	69	0	0	0.5660
q-en-1045	doc-en-7927	96	62	61	1	1	0.5404
q-en-1047	doc-en-7940	101	84	83	1	1	0.7236
q-en-1049	doc-en-7953	94	67	67	0	0	0.6422
q-en-105	doc-en-833	120	67	66	1	1	0.4297
q-en-1053	doc-en-7977	101	66	65	1	1	0.5033
q-en-1058	doc-en-8011	110	57	56	1	1	0.5610
q-en-106	doc-en-841	128	112	0	112	112	0.6125
q-en-1062	doc-en-8039	95	64	63	1	1	0.4869
q-en-1067	doc-en-8073	88	58	57	1	1	0.5981
q-en-1068	doc-en-8079	106	26	60	-34	34	0.4595
q-en-107	doc-en-849	113	67	67	0	0	0.5898
q-en-1071	doc-en-5700	103	56	55	1	1	0.6342
q-en-1072	doc-en-8107	115	87	86	1	1	0.4706
q-en-1075	doc-en-7665	98	51	50	1	1	0.4506
q-en-108	doc-en-857	128	70	69	1	1	0.6876
q-en-1081	doc-en-8165	100	82	80	2	2	0.5339
q-en-1087	doc-en-8206	124	29	4	25	25	0.3261
q-en-1091	doc-en-5599	94	56	56	0	0	0.4141
q-en-1092	doc-en-8238	94	74	73	1	1	0.6301
q-en-1097	doc-en-8272	94	63	62	1	1	0.5733
q-en-1098	doc-en-6274	102	52	51	1	1	0.8116
q-en-1099	doc-en-5864	111	62	62	0	0	0.6523
q-en-110	doc-en-873	128	100	99	1	1	0.6506
q-en-1103	doc-en-8307	118	87	86	1	1	0.4077
q-en-1105	doc-en-8322	90	47	47	0	0	0.4028
q-en-1107	doc-en-8334	100	73	72	1	1	0.6187
q-en-1108	doc-en-5759	107	62	63	-1	1	0.6520
q-en-111	doc-en-881	128	117	115	2	2	0.6201
q-en-1110	doc-en-8354	88	46	45	1	1	0.6646
q-en-1111	doc-en-8361	105	64	63	1	1	0.6130
q-en-1117	doc-en-8402	105	53	52	1	1	0.7028
q-en-1125	doc-en-8452	116	81	80	1	1	0.6671
q-en-1126	doc-en-5174	124	31	70	-39	39	0.3348
q-en-1127	doc-en-8465	105	65	63	2	2	0.4653
q-en-1129	doc-en-8481	94	67	66	1	1	0.5844
q-en-1132	doc-en-8500	98	67	67	0	0	0.5379
q-en-1133	doc-en-8507	105	79	78	1	1	0.4812
q-en-1134	doc-en-8513	96	73	72	1	1	0.3755
q-en-1140	doc-en-8557	92	72	71	1	1	0.5696
q-en-1141	doc-en-8564	92	62	61	1	1	0.5335
q-en-1142	doc-en-8571	98	69	68	1	1	0.6294
q-en-1149	doc-en-8617	103	84	84	0	0	0.7298
q-en-1150	doc-en-8625	92	49	48	1	1	0.5455
q-en-1151	doc-en-8633	105	55	55	0	0	0.3877
q-en-1156	doc-en-8669	91	54	54	0	0	0.3162
q-en-1158	doc-en-8680	122	96	94	2	2	0.5820
q-en-1160	doc-en-8694	98	67	66	1	1	0.5746
q-en-1163	doc-en-8717	103	63	62	1	1	0.5242
q-en-1169	doc-en-8755	121	98	83	15	15	0.5554
q-en-1172	doc-en-8772	96	79	78	1	1	0.4826
q-en-1174	doc-en-8787	114	69	68	1	1	0.6104
q-en-1176	doc-en-8802	85	52	51	1	1	0.6374
q-en-1177	doc-en-8809	96	52	52	0	0	0.5211
q-en-1178	doc-en-8814	92	58	58	0	0	0.6354
q-en-118	doc-en-936	127	72	71	1	1	0.6451
q-en-1180	doc-en-8828	100	75	74	1	1	0.4261
q-en-1181	doc-en-8834	92	68	68	0	0	0.5080
q-en-1188	doc-en-5521	86	46	46	0	0	0.4791
q-en-1190	doc-en-8893	90	69	68	1	1	0.5755
q-en-1192	doc-en-8902	110	92	91	1	1	0.6519
q-en-1194	doc-en-8914	120	94	93	1	1	0.5437
q-en-1195	doc-en-8920	102	56	55	1	1	0.4097
q-en-1196	doc-en-8926	92	62	61	1	1	0.4921
q-en-1198	doc-en-8937	92	67	67	0	0	0.4426
q-en-12	doc-en-96	128	78	77	1	1	0.7302
q-en-1200	doc-en-8949	103	65	64	1	1	0.6828
q-en-1203	doc-en-8969	96	50	49	1	1	0.5114
q-en-1208	doc-en-9000	100	68	67	1	1	0.6973
q-en-1209	doc-en-9006	103	0	63	-63	63	0.6182
q-en-121	doc-en-959	106	0	64	-64	64	0.5467
q-en-1210	doc-en-9013	90	64	50	14	14	0.4385
q-en-1213	doc-en-6696	114	68	67	1	1	0.4040
q-en-1217	doc-en-9055	100	65	64	1	1	0.6567
q-en-122	doc-en-967	128	94	92	2	2	0.8070
q-en-1221	doc-en-9076	99	73	72	1	1	0.5160
q-en-1224	doc-en-9096	94	81	76	5	5	0.4937
q-en-1229	doc-en-4745	97	80	78	2	2	0.4196
q-en-1232	doc-en-9146	104	86	85	1	1	0.2561
q-en-1239	doc-en-8210	88	47	46	1	1	0.7110
q-en-1243	doc-en-8172	106	55	60	-5	5	0.6208
q-en-1244	doc-en-7723	100	51	51	0	0	0.3573
q-en-1245	doc-en-9229	116	71	70	1	1	0.6711
q-en-1246	doc-en-9236	96	59	59	0	0	0.5275
q-en-1247	doc-en-9242	88	72	71	1	1	0.5931
q-en-1250	doc-en-9257	107	89	89	0	0	0.5827
q-en-1259	doc-en-9320	88	49	48	1	1	0.4960
q-en-126	doc-en-998	128	123	121	2	2	0.5427
q-en-1260	doc-en-5495	97	61	66	-5	5	0.5383
q-en-1262	doc-en-9342	103	84	83	1	1	0.6609
q-en-1270	doc-en-9396	93	53	79	-26	26	0.7209
q-en-1271	doc-en-9402	100	67	58	9	9	0.5395
q-en-1272	doc-en-9409	95	64	63	1	1	0.6811
q-en-1273	doc-en-9415	99	50	73	-23	23	0.5354
q-en-1280	doc-en-9458	106	56	56	0	0	0.5710
q-en-1281	doc-en-7771	109	65	61	4	4	0.4834
q-en-1282	doc-en-9471	96	61	60	1	1	0.3960
q-en-1285	doc-en-9494	89	55	55	0	0	0.6165
q-en-1287	doc-en-6433	95	71	70	1	1	0.6733
q-en-129	doc-en-1021	128	126	124	2	2	0.6387
q-en-1298	doc-en-9574	95	44	73	-29	29	0.4616
q-en-13	doc-en-104	125	96	94	2	2	0.5928
q-en-1300	doc-en-9586	99	87	85	2	2	0.3977
q-en-1301	doc-en-9591	107	57	57	0	0	0.6352
q-en-1307	doc-en-9629	97	52	52	0	0	0.6065
q-en-1310	doc-en-9645	109	89	88	1	1	0.7725
q-en-1315	doc-en-7486	83	27	42	-15	15	0.5480
q-en-1317	doc-en-9693	104	64	63	1	1	0.6069
q-en-1318	doc-en-9697	94	56	55	1	1	0.6530
q-en-132	doc-en-1045	111	72	71	1	1	0.5834
q-en-1322	doc-en-8297	101	1	1	0	0	0.5827
q-en-1326	doc-en-9746	109	77	76	1	1	0.5565
q-en-1327	doc-en-9752	115	100	99	1	1	0.7344
q-en-1328	doc-en-9022	99	76	74	2	2	0.6720
q-en-1329	doc-en-6264	89	72	71	1	1	0.5615
q-en-1331	doc-en-9773	86	59	59	0	0	0.5862
q-en-1333	doc-en-6716	105	77	77	0	0	0.6392
q-en-1335	doc-en-9796	114	113	0	113	113	0.3123
q-en-1336	doc-en-9803	120	88	87	1	1	0.4936
q-en-1337	doc-en-9810	92	79	78	1	1	0.6228
q-en-1340	doc-en-7345	113	99	74	25	25	0.3379
q-en-1342	doc-en-7643	99	50	50	0	0	0.7601
q-en-1354	doc-en-9908	105	81	80	1	1	0.4676
q-en-1355	doc-en-9915	91	60	59	1	1	0.6885
q-en-1361	doc-en-9955	100	80	79	1	1	0.7707
q-en-1362	doc-en-9962	103	56	56	0	0	0.4658
q-en-1366	doc-en-9988	105	5	65	-60	60	0.6234
q-en-1367	doc-en-9883	101	83	14	69	69	0.4926
q-en-1371	doc-en-10019	114	104	92	12	12	0.4205
q-en-1373	doc-en-7099	100	87	86	1	1	0.7880
q-en-1382	doc-en-10081	105	87	86	1	1	0.5042
q-en-1386	doc-en-10106	95	78	77	1	1	0.7856
q-en-1387	doc-en-10112	128	79	78	1	1	0.7092
q-en-139	doc-en-1099	125	87	65	22	22	0.5113
q-en-1390	doc-en-10130	101	58	58	0	0	0.5964
q-en-1392	doc-en-6897	87	57	56	1	1	0.6167
q-en-1393	doc-en-10148	86	70	69	1	1	0.7099
q-en-1394	doc-en-10152	94	56	55	1	1	0.6315
q-en-140	doc-en-1107	118	64	64	0	0	0.4643
q-en-1400	doc-en-10185	92	79	80	-1	1	0.7724
q-en-1402	doc-en-10198	99	76	76	0	0	0.6537
q-en-1407	doc-en-10227	91	67	67	0	0	0.5369
q-en-1408	doc-en-10233	101	64	63	1	1	0.6957
q-en-1411	doc-en-10251	94	52	51	1	1	0.5773
q-en-1413	doc-en-10261	99	58	57	1	1	0.5510
q-en-1419	doc-en-10292	87	64	63	1	1	0.7497
q-en-142	doc-en-1123	125	98	97	1	1	0.6358
q-en-1424	doc-en-8216	84	49	48	1	1	0.5848
q-en-1427	doc-en-10335	94	51	52	-1	1	0.4678
q-en-143	doc-en-1131	128	87	86	1	1	0.5937
q-en-1437	doc-en-10396	93	59	59	0	0	0.6580
q-en-1440	doc-en-10415	104	54	53	1	1	0.5871
q-en-1443	doc-en-8474	103	61	61	0	0	0.5770
q-en-1445	doc-en-10446	97	52	52	0	0	0.4523
q-en-1449	doc-en-10467	87	58	59	-1	1	0.4651
q-en-1450	doc-en-7460	87	54	56	-2	2	0.5257
q-en-1452	doc-en-9148	103	76	75	1	1	0.5123
q-en-1454	doc-en-10495	94	71	70	1	1	0.4648
q-en-1457	doc-en-10514	108	1	55	-54	54	0.6346
q-en-146	doc-en-1154	128	52	51	1	1	0.5105
q-en-1462	doc-en-10540	103	61	60	1	1	0.6892
q-en-1465	doc-en-10557	102	72	71	1	1	0.4947
q-en-1472	doc-en-10600	110	85	106	-21	21	0.3753
q-en-1477	doc-en-5109	98	83	82	1	1	0.6151
q-en-1482	doc-en-7969	92	49	48	1	1	0.5660
q-en-1483	doc-en-10661	90	56	56	0	0	0.4938
q-en-1484	doc-en-10668	107	87	85	2	2	0.6320
q-en-1486	doc-en-10674	119	78	19	59	59	0.5812
q-en-1489	doc-en-10688	110	69	67	2	2	0.5433
q-en-149	doc-en-1178	103	70	69	1	1	0.4422
q-en-1492	doc-en-10705	100	68	67	1	1	0.6363
q-en-1499	doc-en-10745	104	77	76	1	1	0.3047
q-en-150	doc-en-1186	128	102	100	2	2	0.5387
q-en-1500	doc-en-10753	109	80	81	-1	1	0.3287
q-en-1504	doc-en-10773	93	65	64	1	1	0.5316
q-en-1506	doc-en-10785	91	54	53	1	1	0.5409
q-en-1509	doc-en-8677	94	66	66	0	0	0.6213
q-en-1513	doc-en-8281	101	84	83	1	1	0.6078
q-en-1515	doc-en-10837	128	112	111	1	1	0.5877
q-en-1518	doc-en-10857	92	69	72	-3	3	0.6424
q-en-152	doc-en-1201	128	82	81	1	1	0.4329
q-en-1520	doc-en-10868	128	118	116	2	2	0.4828
q-en-1530	doc-en-6018	128	76	75	1	1	0.3460
q-en-1532	doc-en-8556	90	61	60	1	1	0.4997
q-en-1539	doc-en-10971	99	66	65	1	1	0.5988
q-en-1540	doc-en-10975	96	59	58	1	1	0.6555
q-en-1544	doc-en-10997	90	55	54	1	1	0.6797
q-en-1556	doc-en-11068	112	86	0	86	86	0.5741
q-en-1558	doc-en-11081	109	88	87	1	1	0.6260
q-en-1564	doc-en-6904	97	58	57	1	1	0.5073
q-en-1565	doc-en-10458	92	73	56	17	17	0.5750
q-en-1574	doc-en-8496	102	63	62	1	1	0.6060
q-en-1578	doc-en-11186	97	53	53	0	0	0.5026
q-en-158	doc-en-1247	128	120	118	2	2	0.3221
q-en-1580	doc-en-11196	94	66	65	1	1	0.5457
q-en-1582	doc-en-11209	89	72	70	2	2	0.4993
q-en-1583	doc-en-11216	93	47	46	1	1	0.5860
q-en-1591	doc-en-11256	100	81	80	1	1	0.7272
q-en-1596	doc-en-11286	101	85	84	1	1	0.5852
q-en-1599	doc-en-11303	98	67	66	1	1	0.7239
q-en-160	doc-en-1263	128	91	91	0	0	0.5799
q-en-1600	doc-en-11310	95	54	12	42	42	0.4230
q-en-1602	doc-en-4662	91	75	75	0	0	0.6929
q-en-1609	doc-en-11360	101	65	64	1	1	0.5781
q-en-1612	doc-en-9290	100	68	68	0	0	0.5787
q-en-1622	doc-en-11419	100	63	62	1	1	0.4190
q-en-1624	doc-en-8812	105	62	61	1	1	0.5446
q-en-1627	doc-en-11447	105	80	79	1	1	0.6480
q-en-1629	doc-en-11456	97	85	84	1	1	0.5267
q-en-1636	doc-en-11493	91	61	61	0	0	0.6340
q-en-1639	doc-en-4910	101	70	69	1	1	0.5086
q-en-1641	doc-en-10271	101	81	80	1	1	0.5173
q-en-1645	doc-en-11547	90	4	69	-65	65	0.5556
q-en-1646	doc-en-11554	104	87	79	8	8	0.5174
q-en-165	doc-en-1303	128	73	72	1	1	0.5449
q-en-1660	doc-en-11344	108	92	91	1	1	0.6036
q-en-1661	doc-en-11633	97	71	80	-9	9	0.6144
q-en-1666	doc-en-11658	91	47	48	-1	1	0.5159
q-en-1672	doc-en-11690	121	101	98	3	3	0.5926
q-en-1674	doc-en-11702	101	71	70	1	1	0.6671
q-en-1676	doc-en-8525	99	59	58	1	1	0.5742
q-en-1682	doc-en-7376	104	86	85	1	1	0.6097
q-en-1686	doc-en-11767	97	75	74	1	1	0.5460
q-en-1689	doc-en-7878	88	64	66	-2	2	0.5819
q-en-1693	doc-en-7371	95	65	64	1	1	0.6886
q-en-17	doc-en-136	113	84	83	1	1	0.5462
q-en-1701	doc-en-11841	114	92	91	1	1	0.7082
q-en-1702	doc-en-11847	104	76	75	1	1	0.5204
q-en-1706	doc-en-9761	103	73	72	1	1	0.6053
q-en-1707	doc-en-8763	103	59	58	1	1	0.6406
q-en-1708	doc-en-11871	104	75	74	1	1	0.5437
q-en-1709	doc-en-5370	107	66	29	37	37	0.6058
q-en-171	doc-en-1348	128	88	87	1	1	0.6420
q-en-1715	doc-en-11911	97	82	80	2	2	0.6125
q-en-1723	doc-en-11956	100	63	62	1	1	0.7848
q-en-1724	doc-en-11960	105	88	87	1	1	0.5421
q-en-1725	doc-en-7540	85	46	45	1	1	0.6809
q-en-1730	doc-en-11193	101	80	79	1	1	0.6804
q-en-1735	doc-en-8266	98	58	57	1	1	0.6635
q-en-1741	doc-en-12048	106	58	6	52	52	0.6206
q-en-1744	doc-en-7028	99	85	84	1	1	0.6439
q-en-1756	doc-en-12127	100	83	81	2	2	0.6317
q-en-1758	doc-en-12140	91	0	44	-44	44	0.6093
q-en-1762	doc-en-8202	95	73	72	1	1	0.6573
q-en-1763	doc-en-12166	86	51	50	1	1	0.6059
q-en-1766	doc-en-12179	112	40	2	38	38	0.6344
q-en-1767	doc-en-12183	98	51	50	1	1	0.5619
q-en-1768	doc-en-9227	106	89	88	1	1	0.6402
q-en-1769	doc-en-12194	119	93	91	2	2	0.6227
q-en-1772	doc-en-12209	86	48	47	1	1	0.6530
q-en-1773	doc-en-12215	96	58	57	1	1	0.6263
q-en-1774	doc-en-12220	91	55	55	0	0	0.7708
q-en-1777	doc-en-12237	97	81	32	49	49	0.6167
q-en-1779	doc-en-5325	91	70	69	1	1	0.7330
q-en-1781	doc-en-12264	96	60	59	1	1	0.6850
q-en-1784	doc-en-12278	100	64	63	1	1	0.6161
q-en-1786	doc-en-12291	91	68	68	0	0	0.6158
q-en-1794	doc-en-12340	98	64	19	45	45	0.4070
q-en-180	doc-en-1419	100	74	73	1	1	0.5676
q-en-1800	doc-en-12373	90	72	70	2	2	0.6393
q-en-1803	doc-en-8635	104	75	75	0	0	0.5125
q-en-1810	doc-en-12423	106	93	91	2	2	0.6663
q-en-1811	doc-en-12429	100	80	79	1	1	0.6342
q-en-1814	doc-en-9758	86	63	61	2	2	0.7586
q-en-1816	doc-en-12223	97	45	51	-6	6	0.5392
q-en-1818	doc-en-12464	95	24	24	0	0	0.5086
q-en-1819	doc-en-11125	83	56	56	0	0	0.7324
q-en-182	doc-en-1434	128	65	64	1	1	0.5825
q-en-1823	doc-en-9359	91	63	62	1	1	0.6516
q-en-1828	doc-en-12519	94	0	55	-55	55	0.6219
q-en-1829	doc-en-12525	102	62	61	1	1	0.5847
q-en-183	doc-en-1442	128	73	72	1	1	0.6052
q-en-1832	doc-en-12540	110	62	61	1	1	0.6234
q-en-1833	doc-en-12544	92	62	61	1	1	0.4857
q-en-1835	doc-en-12554	93	53	19	34	34	0.4626
q-en-1836	doc-en-7176	98	55	54	1	1	0.6299
q-en-1837	doc-en-12561	108	85	83	2	2	0.6532
q-en-1838	doc-en-10436	91	50	49	1	1	0.6020
q-en-184	doc-en-1449	122	97	96	1	1	0.6792
q-en-1842	doc-en-12586	101	84	83	1	1	0.7077
q-en-1845	doc-en-12601	105	89	87	2	2	0.4053
q-en-1850	doc-en-12627	95	62	61	1	1	0.5571
q-en-1852	doc-en-10978	90	73	72	1	1	0.6403
q-en-1854	doc-en-5409	93	75	75	0	0	0.5770
q-en-1855	doc-en-8583	100	85	84	1	1	0.5722
q-en-1857	doc-en-10565	108	85	87	-2	2	0.4420
q-en-1858	doc-en-12667	87	44	43	1	1	0.6779
q-en-1860	doc-en-12680	96	88	80	8	8	0.6280
q-en-1861	doc-en-12684	103	84	83	1	1	0.6716
q-en-1862	doc-en-7065	84	57	56	1	1	0.4661
q-en-1866	doc-en-12707	92	48	48	0	0	0.5520
q-en-1868	doc-en-10484	114	0	51	-51	51	0.6381
q-en-1869	doc-en-12717	103	62	61	1	1	0.6865
q-en-1871	doc-en-12728	100	99	59	40	40	0.5743
q-en-1876	doc-en-12753	98	64	1	63	63	0.6446
q-en-188	doc-en-1479	128	117	115	2	2	0.6485
q-en-1881	doc-en-12779	94	61	60	1	1	0.6827
q-en-1891	doc-en-12845	128	85	84	1	1	0.6272
q-en-1899	doc-en-12907	112	67	67	0	0	0.3604
q-en-190	doc-en-1494	113	60	59	1	1	0.5824
q-en-1900	doc-en-12915	128	123	121	2	2	0.4505
q-en-1907	doc-en-12964	128	60	10	50	50	0.5535
q-en-191	doc-en-1502	125	79	78	1	1	0.4732
q-en-1910	doc-en-12987	128	97	95	2	2	0.6000
q-en-194	doc-en-1525	128	121	119	2	2	0.5371
q-en-1940	doc-en-13210	128	112	111	1	1	0.5643
q-en-1941	doc-en-13217	119	99	96	3	3	0.4820
q-en-1942	doc-en-13225	128	79	123	-44	44	0.4566
q-en-1946	doc-en-13255	126	81	80	1	1	0.6204
q-en-1947	doc-en-13263	114	84	83	1	1	0.7942
q-en-1956	doc-en-13328	128	110	108	2	2	0.5536
q-en-1957	doc-en-13334	128	122	121	1	1	0.6507
q-en-1959	doc-en-13346	114	69	75	-6	6	0.6533
q-en-1968	doc-en-13410	128	12	65	-53	53	0.4600
q-en-1971	doc-en-13431	115	85	83	2	2	0.7219
q-en-1974	doc-en-13453	128	86	85	1	1	0.5651
q-en-1983	doc-en-13518	128	90	89	1	1	0.6259
q-en-199	doc-en-1562	126	76	75	1	1	0.4893
q-en-1991	doc-en-13578	113	92	90	2	2	0.4194
q-en-1997	doc-en-13620	128	92	91	1	1	0.5126
q-en-20	doc-en-160	116	73	71	2	2	0.6149
q-en-200	doc-en-1570	125	64	63	1	1	0.6242
q-en-2000	doc-en-13643	128	123	122	1	1	0.6946
q-en-2002	doc-en-13658	114	85	83	2	2	0.5654
q-en-2012	doc-en-13725	128	48	47	1	1	0.7258
q-en-2013	doc-en-13733	120	66	65	1	1	0.6820
q-en-2016	doc-en-13754	128	105	127	-22	22	0.4393
q-en-2017	doc-en-13762	128	101	101	0	0	0.5289
q-en-202	doc-en-1585	128	11	1	10	10	0.4950
q-en-2021	doc-en-13792	116	0	96	-96	96	0.6060
q-en-2025	doc-en-13819	128	103	102	1	1	0.5812
q-en-2027	doc-en-13833	128	111	109	2	2	0.5998
q-en-2030	doc-en-13854	106	27	79	-52	52	0.5275
q-en-2032	doc-en-13870	128	0	0	0	0	0.6056
q-en-2033	doc-en-13878	128	91	90	1	1	0.6168
q-en-2034	doc-en-13885	107	89	90	-1	1	0.4898
q-en-204	doc-en-1601	128	122	120	2	2	0.4367
q-en-2040	doc-en-13929	103	57	56	1	1	0.5820
q-en-2044	doc-en-13955	118	50	5	45	45	0.5678
q-en-2050	doc-en-13994	128	27	27	0	0	0.6099
q-en-2051	doc-en-14002	128	56	108	-52	52	0.4199
q-en-2055	doc-en-14029	108	58	57	1	1	0.5156
q-en-2062	doc-en-12973	128	110	108	2	2	0.7168
q-en-2065	doc-en-14100	128	112	99	13	13	0.4188
q-en-207	doc-en-1625	105	72	71	1	1	0.5698
q-en-2070	doc-en-14138	128	0	9	-9	9	0.4483
q-en-208	doc-en-1632	128	92	83	9	9	0.5519
q-en-2081	doc-en-14221	128	100	98	2	2	0.5888
q-en-2086	doc-en-14257	118	103	102	1	1	0.6296
q-en-209	doc-en-1640	128	117	115	2	2	0.4053
q-en-2103	doc-en-14382	118	93	91	2	2	0.5378
q-en-2104	doc-en-14390	115	0	84	-84	84	0.6368
q-en-2106	doc-en-376	102	69	68	1	1	0.4374
q-en-2107	doc-en-14411	128	101	99	2	2	0.5854
q-en-2109	doc-en-14426	124	98	96	2	2	0.6387
q-en-2110	doc-en-14434	127	64	64	0	0	0.4701
q-en-2114	doc-en-14464	118	66	65	1	1	0.6267
q-en-2116	doc-en-14478	113	87	86	1	1	0.6266
q-en-2117	doc-en-1935	115	79	80	-1	1	0.4674
q-en-2120	doc-en-14503	108	0	87	-87	87	0.4811
q-en-2122	doc-en-14518	126	77	76	1	1	0.7115
q-en-2123	doc-en-14524	128	29	85	-56	56	0.5294
q-en-2129	doc-en-14562	120	92	91	1	1	0.7268
q-en-2132	doc-en-14579	128	97	95	2	2	0.4628
q-en-2135	doc-en-14602	128	96	112	-16	16	0.6170
q-en-2137	doc-en-14616	121	98	96	2	2	0.6757
q-en-2138	doc-en-66	128	59	58	1	1	0.4580
q-en-2140	doc-en-14634	128	78	77	1	1	0.6534
q-en-2141	doc-en-14641	108	94	93	1	1	0.6552
q-en-2142	doc-en-14648	128	111	6	105	105	0.4374
q-en-2148	doc-en-14687	128	0	85	-85	85	0.4094
q-en-2149	doc-en-14695	128	115	114	1	1	0.5359
q-en-2150	doc-en-14703	112	78	77	1	1	0.5751
q-en-2156	doc-en-14746	119	64	63	1	1	0.6544
q-en-2163	doc-en-14798	128	39	38	1	1	0.4668
q-en-2174	doc-en-3628	114	82	81	1	1	0.5875
q-en-2177	doc-en-14900	109	56	57	-1	1	0.5410
q-en-2179	doc-en-14913	128	99	97	2	2	0.5215
q-en-2181	doc-en-14928	115	82	81	1	1	0.5029
q-en-2182	doc-en-14934	102	56	55	1	1	0.5481
q-en-2183	doc-en-14941	128	86	84	2	2	0.5409
q-en-2189	doc-en-14987	128	86	86	0	0	0.4707
q-en-2192	doc-en-15010	111	96	95	1	1	0.5281
q-en-2193	doc-en-15016	128	77	76	1	1	0.6476
q-en-2200	doc-en-15067	128	99	97	2	2	0.6026
q-en-2203	doc-en-15089	128	3	73	-70	70	0.5343
q-en-2205	doc-en-15103	101	0	60	-60	60	0.5847
q-en-2208	doc-en-15122	122	82	81	1	1	0.5259
q-en-2218	doc-en-4185	128	98	99	-1	1	0.7066
q-en-2222	doc-en-15212	128	88	87	1	1	0.6600
q-en-2226	doc-en-15240	106	70	67	3	3	0.5022
q-en-2228	doc-en-15254	128	91	55	36	36	0.3873
q-en-2229	doc-en-3656	128	101	127	-26	26	0.5819
q-en-2232	doc-en-15283	128	85	83	2	2	0.4512
q-en-2235	doc-en-15304	128	109	108	1	1	0.6672
q-en-2241	doc-en-15349	128	80	79	1	1	0.6747
q-en-2246	doc-en-15387	125	106	105	1	1	0.8253
q-en-2255	doc-en-15453	128	3	4	-1	1	0.4259
q-en-2261	doc-en-15498	127	77	77	0	0	0.6512
q-en-2270	doc-en-15561	128	105	98	7	7	0.6481
q-en-2271	doc-en-15567	128	0	121	-121	121	0.4421
q-en-2273	doc-en-15582	121	86	85	1	1	0.5944
q-en-2277	doc-en-15611	128	29	29	0	0	0.3483
q-en-2278	doc-en-14294	127	0	7	-7	7	0.5467
q-en-2279	doc-en-15624	128	98	96	2	2	0.5684
q-en-2281	doc-en-15640	103	71	71	0	0	0.6246
q-en-2284	doc-en-960	128	119	117	2	2	0.6871
q-en-2285	doc-en-15667	109	68	67	1	1	0.6651
q-en-2286	doc-en-2269	128	8	116	-108	108	0.5898
q-en-2289	doc-en-15694	128	0	73	-73	73	0.5591
q-en-2291	doc-en-15709	128	123	121	2	2	0.5497
q-en-2292	doc-en-15717	128	0	78	-78	78	0.5198
q-en-2295	doc-en-15740	128	88	57	31	31	0.6118
q-en-2296	doc-en-15748	128	96	96	0	0	0.6190
q-en-2298	doc-en-3450	128	54	3	51	51	0.4769
q-en-2302	doc-en-15789	124	105	104	1	1	0.6266
q-en-2304	doc-en-15805	127	90	89	1	1	0.6522
q-en-233	doc-en-1828	128	82	82	0	0	0.5694
q-en-2330	doc-en-15990	128	116	114	2	2	0.6271
q-en-2332	doc-en-4364	109	91	89	2	2	0.5942
q-en-2334	doc-en-16020	125	71	96	-25	25	0.6322
q-en-2336	doc-en-16033	127	88	86	2	2	0.5110
q-en-2339	doc-en-16053	128	114	112	2	2	0.6655
q-en-2344	doc-en-16092	128	1	101	-100	100	0.5817
q-en-2345	doc-en-16100	126	101	100	1	1	0.6198
q-en-2348	doc-en-16121	128	107	106	1	1	0.6174
q-en-2353	doc-en-992	128	96	94	2	2	0.6564
q-en-2355	doc-en-16171	104	58	58	0	0	0.6511
q-en-2364	doc-en-16236	113	72	74	-2	2	0.4520
q-en-237	doc-en-1859	128	124	93	31	31	0.5600
q-en-2371	doc-en-694	128	96	96	0	0	0.6478
q-en-2377	doc-en-16325	128	0	127	-127	127	0.3870
q-en-2391	doc-en-16417	108	72	71	1	1	0.5613
q-en-2395	doc-en-16447	115	88	87	1	1	0.4642
q-en-2396	doc-en-16455	114	64	65	-1	1	0.5688
q-en-2398	doc-en-16468	128	109	107	2	2	0.5004
q-en-2401	doc-en-16489	113	58	57	1	1	0.7146
q-en-241	doc-en-1891	127	107	90	17	17	0.4465
q-en-2415	doc-en-16583	113	65	64	1	1	0.6020
q-en-2417	doc-en-16597	116	67	65	2	2	0.5806
q-en-242	doc-en-1898	115	58	57	1	1	0.5628
q-en-2421	doc-en-16622	128	92	90	2	2	0.6314
q-en-2422	doc-en-16630	128	82	83	-1	1	0.5618
q-en-2426	doc-en-16658	128	80	80	0	0	0.6717
q-en-2435	doc-en-16713	110	82	81	1	1	0.6689
q-en-2438	doc-en-16734	108	73	74	-1	1	0.6336
q-en-2439	doc-en-16740	108	86	85	1	1	0.7464
q-en-244	doc-en-1913	128	97	95	2	2	0.6395
q-en-2440	doc-en-16745	121	71	71	0	0	0.4984
q-en-2442	doc-en-16758	123	76	66	10	10	0.4626
q-en-2443	doc-en-16766	128	115	114	1	1	0.7412
q-en-2444	doc-en-16773	128	58	48	10	10	0.4688
q-en-2448	doc-en-16801	128	107	112	-5	5	0.6104
q-en-2449	doc-en-16808	128	78	77	1	1	0.7558
q-en-2451	doc-en-16822	128	117	13	104	104	0.5618
q-en-2453	doc-en-16837	107	88	87	1	1	0.6260
q-en-2455	doc-en-16850	120	103	2	101	101	0.6283
q-en-2456	doc-en-16857	114	92	88	4	4	0.6234
q-en-2457	doc-en-1431	128	124	122	2	2	0.6127
q-en-2459	doc-en-16876	120	0	101	-101	101	0.4338
q-en-246	doc-en-1929	128	73	73	0	0	0.6342
q-en-2464	doc-en-16910	107	58	56	2	2	0.5210
q-en-2474	doc-en-16981	128	94	93	1	1	0.5632
q-en-2476	doc-en-3148	111	83	81	2	2	0.7051
q-en-2479	doc-en-17016	128	39	8	31	31	0.4651
q-en-2481	doc-en-17028	128	123	121	2	2	0.5747
q-en-2482	doc-en-17036	128	81	77	4	4	0.6584
q-en-2485	doc-en-17056	128	109	108	1	1	0.6056
q-en-2486	doc-en-17062	128	116	114	2	2	0.6384
q-en-2487	doc-en-17068	112	62	61	1	1	0.4835
q-en-2493	doc-en-17110	128	88	36	52	52	0.3848
q-en-2497	doc-en-17140	128	113	111	2	2	0.7409
q-en-25	doc-en-200	128	29	92	-63	63	0.4310
q-en-2501	doc-en-17169	120	103	101	2	2	0.5848
q-en-2502	doc-en-13456	128	1	0	1	1	0.5949
q-en-2503	doc-en-17183	128	111	113	-2	2	0.5471
q-en-2508	doc-en-17221	128	118	117	1	1	0.5879
q-en-251	doc-en-1968	128	109	107	2	2	0.5356
q-en-2512	doc-en-17250	128	75	74	1	1	0.5811
q-en-252	doc-en-1976	102	54	53	1	1	0.5247
q-en-2520	doc-en-17306	119	100	98	2	2	0.4512
q-en-2523	doc-en-17325	123	78	77	1	1	0.6908
q-en-254	doc-en-1991	128	74	73	1	1	0.5539
q-en-26	doc-en-208	128	72	71	1	1	0.5112
q-en-261	doc-en-2044	122	75	74	1	1	0.6754
q-en-262	doc-en-2052	119	81	80	1	1	0.5872
q-en-264	doc-en-2068	113	73	72	1	1	0.4845
q-en-269	doc-en-2106	128	100	98	2	2	0.4982
q-en-271	doc-en-2122	128	68	67	1	1	0.6661
q-en-272	doc-en-2130	128	110	108	2	2	0.5828
q-en-285	doc-en-2230	128	82	80	2	2	0.5797
q-en-286	doc-en-450	115	59	58	1	1	0.6689
q-en-287	doc-en-2244	110	86	85	1	1	0.6531
q-en-29	doc-en-232	128	120	118	2	2	0.3686
q-en-291	doc-en-2275	108	63	62	1	1	0.5714
q-en-292	doc-en-2283	128	107	62	45	45	0.4927
q-en-30	doc-en-240	128	100	13	87	87	0.4077
q-en-31	doc-en-248	128	90	97	-7	7	0.4501
q-en-310	doc-en-2422	107	73	72	1	1	0.5068
q-en-316	doc-en-2469	128	88	86	2	2	0.4946
q-en-324	doc-en-2531	127	79	78	1	1	0.5658
q-en-325	doc-en-2539	110	69	68	1	1	0.6839
q-en-330	doc-en-2578	126	101	80	21	21	0.5469
q-en-344	doc-en-2687	128	99	97	2	2	0.5909
q-en-345	doc-en-2693	128	125	123	2	2	0.4513
q-en-352	doc-en-2747	120	73	72	1	1	0.7949
q-en-358	doc-en-2794	118	94	92	2	2	0.6698
q-en-36	doc-en-288	121	73	72	1	1	0.6226
q-en-360	doc-en-2810	128	82	81	1	1	0.5216
q-en-364	doc-en-2842	124	86	85	1	1	0.4720
q-en-37	doc-en-296	128	85	85	0	0	0.5909
q-en-372	doc-en-2904	107	65	64	1	1	0.6774
q-en-378	doc-en-2951	106	80	79	1	1	0.4712
q-en-38	doc-en-304	126	74	73	1	1	0.6579
q-en-388	doc-en-3028	128	103	19	84	84	0.5895
q-en-39	doc-en-312	127	74	26	48	48	0.5515
q-en-393	doc-en-3066	128	69	68	1	1	0.5876
q-en-396	doc-en-3090	128	123	121	2	2	0.4638
q-en-4	doc-en-32	128	88	87	1	1	0.5677
q-en-400	doc-en-3122	128	26	4	22	22	0.4153
q-en-401	doc-en-3130	128	3	26	-23	23	0.3890
q-en-403	doc-en-3146	103	63	62	1	1	0.6540
q-en-405	doc-en-3161	128	100	98	2	2	0.5874
q-en-414	doc-en-3229	128	111	109	2	2	0.4466
q-en-416	doc-en-3242	126	92	90	2	2	0.4922
q-en-417	doc-en-3250	107	68	67	1	1	0.5702
q-en-418	doc-en-3258	128	89	89	0	0	0.6112
q-en-425	doc-en-3313	128	107	105	2	2	0.5973
q-en-43	doc-en-344	128	123	78	45	45	0.4423
q-en-432	doc-en-3367	128	74	73	1	1	0.6250
q-en-439	doc-en-3417	114	68	69	-1	1	0.4951
q-en-44	doc-en-352	128	93	92	1	1	0.6577
q-en-441	doc-en-3432	128	75	74	1	1	0.4925
q-en-444	doc-en-3456	119	85	84	1	1	0.5345
q-en-45	doc-en-360	128	80	79	1	1	0.2582
q-en-456	doc-en-3545	104	4	4	0	0	0.6127
q-en-459	doc-en-3568	128	86	85	1	1	0.5117
q-en-465	doc-en-3614	126	99	97	2	2	0.6153
q-en-467	doc-en-3630	128	107	105	2	2	0.5492
q-en-470	doc-en-3651	128	107	4	103	103	0.3397
q-en-472	doc-en-3666	111	74	73	1	1	0.6346
q-en-475	doc-en-3688	128	87	86	1	1	0.5669
q-en-476	doc-en-3696	128	76	74	2	2	0.4263
q-en-479	doc-en-3717	117	69	68	1	1	0.2767
q-en-482	doc-en-3739	126	74	73	1	1	0.5667
q-en-484	doc-en-3755	128	106	105	1	1	0.5143
q-en-487	doc-en-3415	121	75	74	1	1	0.7114
q-en-492	doc-en-3816	128	87	86	1	1	0.5315
q-en-5	doc-en-40	128	106	104	2	2	0.6182
q-en-508	doc-en-3941	128	125	123	2	2	0.6806
q-en-51	doc-en-407	128	110	108	2	2	0.4675
q-en-518	doc-en-4017	121	78	77	1	1	0.5203
q-en-520	doc-en-4032	128	113	111	2	2	0.3685
q-en-527	doc-en-4087	128	108	107	1	1	0.6026
q-en-532	doc-en-4126	104	53	53	0	0	0.5673
q-en-535	doc-en-4149	128	77	75	2	2	0.5458
q-en-537	doc-en-4165	128	90	80	10	10	0.4612
q-en-549	doc-en-4255	128	103	101	2	2	0.6191
q-en-550	doc-en-4262	128	77	76	1	1	0.7199
q-en-553	doc-en-4282	128	68	82	-14	14	0.4722
q-en-56	doc-en-447	124	67	66	1	1	0.5435
q-en-561	doc-en-4339	128	95	94	1	1	0.4176
q-en-573	doc-en-4429	128	86	85	1	1	0.7369
q-en-575	doc-en-4445	118	70	69	1	1	0.4650
q-en-578	doc-en-4467	128	67	66	1	1	0.6938
q-en-579	doc-en-4474	128	99	97	2	2	0.5109
q-en-583	doc-en-4505	109	78	77	1	1	0.5794
q-en-59	doc-en-471	96	49	48	1	1	0.4757
q-en-594	doc-en-4583	128	102	97	5	5	0.5178
q-en-595	doc-en-4591	107	91	67	24	24	0.5618
q-en-599	doc-en-4620	95	62	67	-5	5	0.5643
q-en-600	doc-en-4628	106	54	53	1	1	0.6558
q-en-603	doc-en-4652	101	80	79	1	1	0.6434
q-en-615	doc-en-4747	110	59	58	1	1	0.5280
q-en-619	doc-en-4779	97	80	76	4	4	0.5935
q-en-62	doc-en-495	128	98	96	2	2	0.7138
q-en-620	doc-en-4787	104	77	77	0	0	0.6583
q-en-624	doc-en-4818	100	70	69	1	1	0.5703
q-en-63	doc-en-503	120	82	80	2	2	0.6517
q-en-636	doc-en-4913	92	74	73	1	1	0.5314
q-en-637	doc-en-4921	102	77	76	1	1	0.5671
q-en-639	doc-en-4937	109	89	87	2	2	0.3191
q-en-64	doc-en-511	128	101	100	1	1	0.6595
q-en-644	doc-en-4976	128	64	68	-4	4	0.4953
q-en-649	doc-en-5016	100	74	73	1	1	0.5939
q-en-65	doc-en-519	124	81	51	30	30	0.6987
q-en-651	doc-en-5031	108	38	84	-46	46	0.5874
q-en-658	doc-en-5085	92	52	52	0	0	0.5114
q-en-659	doc-en-5093	108	54	53	1	1	0.4171
q-en-660	doc-en-5100	86	45	44	1	1	0.5352
q-en-662	doc-en-5115	82	50	50	0	0	0.6714
q-en-663	doc-en-5123	94	53	52	1	1	0.5214
q-en-664	doc-en-5131	126	81	80	1	1	0.8023
q-en-666	doc-en-5147	93	53	53	0	0	0.6122
q-en-669	doc-en-5171	101	60	59	1	1	0.6216
q-en-67	doc-en-535	103	64	63	1	1	0.5466
q-en-676	doc-en-5226	101	75	74	1	1	0.4737
q-en-686	doc-en-5305	92	76	75	1	1	0.5541
q-en-687	doc-en-5313	107	80	64	16	16	0.4820
q-en-69	doc-en-551	128	81	80	1	1	0.5190
q-en-7	doc-en-56	128	123	121	2	2	0.7397
q-en-701	doc-en-5421	103	80	79	1	1	0.6266
q-en-702	doc-en-5429	111	89	88	1	1	0.6132
q-en-708	doc-en-5476	101	49	57	-8	8	0.5598
q-en-719	doc-en-5561	103	55	54	1	1	0.6579
q-en-721	doc-en-5577	94	62	61	1	1	0.3870
q-en-722	doc-en-5585	93	50	50	0	0	0.6019
q-en-728	doc-en-5630	98	74	72	2	2	0.5745
q-en-734	doc-en-5675	92	75	62	13	13	0.5999
q-en-736	doc-en-5691	90	64	57	7	7	0.3816
q-en-738	doc-en-5707	94	69	69	0	0	0.5442
q-en-739	doc-en-5715	100	78	77	1	1	0.6305
q-en-742	doc-en-5739	88	58	57	1	1	0.4202
q-en-746	doc-en-5768	128	116	71	45	45	0.3880
q-en-747	doc-en-5776	110	55	54	1	1	0.3438
q-en-749	doc-en-5303	100	58	55	3	3	0.4597
q-en-752	doc-en-5814	105	81	80	1	1	0.6013
q-en-753	doc-en-5821	128	89	87	2	2	0.4786
q-en-757	doc-en-5851	94	1	50	-49	49	0.5051
q-en-762	doc-en-5886	105	65	64	1	1	0.6411
q-en-765	doc-en-5909	128	88	87	1	1	0.5479
q-en-767	doc-en-5924	104	77	76	1	1	0.6670
q-en-768	doc-en-5931	91	76	75	1	1	0.6930
q-en-775	doc-en-5986	95	52	49	3	3	0.6176
q-en-780	doc-en-5976	106	70	69	1	1	0.4254
q-en-783	doc-en-6043	83	48	47	1	1	0.5788
q-en-785	doc-en-6059	97	64	72	-8	8	0.5131
q-en-790	doc-en-6098	101	66	65	1	1	0.6187
q-en-795	doc-en-6135	101	82	81	1	1	0.4479
q-en-796	doc-en-6085	99	78	76	2	2	0.4893
q-en-797	doc-en-6150	107	60	60	0	0	0.7299
q-en-799	doc-en-6165	109	60	59	1	1	0.7106
q-en-803	doc-en-6197	122	61	68	-7	7	0.5717
q-en-806	doc-en-6221	104	70	69	1	1	0.5200
q-en-81	doc-en-645	128	109	108	1	1	0.4545
q-en-810	doc-en-6252	103	63	25	38	38	0.4759
q-en-812	doc-en-6265	88	51	50	1	1	0.3452
q-en-819	doc-en-6318	114	73	72	1	1	0.5088
q-en-823	doc-en-6350	101	0	61	-61	61	0.5353
q-en-833	doc-en-6428	99	81	80	1	1	0.6228
q-en-835	doc-en-6442	101	61	60	1	1	0.7028
q-en-838	doc-en-6464	99	75	74	1	1	0.7295
q-en-840	doc-en-6480	94	68	67	1	1	0.4961
q-en-841	doc-en-6488	116	82	81	1	1	0.6161
q-en-842	doc-en-6495	94	66	65	1	1	0.5053
q-en-843	doc-en-4873	100	67	66	1	1	0.4151
q-en-844	doc-en-5611	86	55	55	0	0	0.6885
q-en-845	doc-en-6517	96	56	56	0	0	0.4934
q-en-846	doc-en-6524	120	12	80	-68	68	0.4327
q-en-849	doc-en-6547	128	96	95	1	1	0.5458
q-en-85	doc-en-676	117	65	69	-4	4	0.4956
q-en-852	doc-en-6570	94	65	64	1	1	0.7315
q-en-853	doc-en-6577	99	63	62	1	1	0.5343
q-en-854	doc-en-5857	99	65	64	1	1	0.6118
q-en-857	doc-en-6606	93	58	57	1	1	0.4535
q-en-859	doc-en-6621	90	62	61	1	1	0.4283
q-en-860	doc-en-6629	124	86	85	1	1	0.5568
q-en-866	doc-en-6674	125	90	89	1	1	0.5239
q-en-867	doc-en-6681	95	51	50	1	1	0.6035
q-en-870	doc-en-6702	86	59	58	1	1	0.7461
q-en-872	doc-en-6256	128	92	1	91	91	0.4983
q-en-878	doc-en-6758	90	46	45	1	1	0.4830
q-en-887	doc-en-6825	96	53	52	1	1	0.6464
q-en-890	doc-en-6846	99	67	63	4	4	0.5071
q-en-891	doc-en-6853	112	58	57	1	1	0.4494
q-en-892	doc-en-6860	88	53	52	1	1	0.3732
q-en-893	doc-en-6633	105	70	69	1	1	0.4656
q-en-894	doc-en-6871	96	74	73	1	1	0.5709
q-en-897	doc-en-6893	88	52	52	0	0	0.5483
q-en-902	doc-en-6748	102	59	58	1	1	0.4287
q-en-905	doc-en-6949	103	83	82	1	1	0.5795
q-en-907	doc-en-6963	93	52	51	1	1	0.6224
q-en-910	doc-en-6985	100	52	53	-1	1	0.4544
q-en-911	doc-en-6993	104	56	55	1	1	0.3585
q-en-914	doc-en-7014	93	71	70	1	1	0.4996
q-en-917	doc-en-7035	91	55	54	1	1	0.5664
q-en-919	doc-en-7049	104	81	80	1	1	0.7188
q-en-92	doc-en-732	128	122	120	2	2	0.3757
q-en-921	doc-en-7062	104	0	2	-2	2	0.5803
q-en-929	doc-en-7119	92	50	49	1	1	0.6067
q-en-93	doc-en-740	128	69	0	69	69	0.4043
q-en-938	doc-en-7186	116	64	63	1	1	0.4430
q-en-95	doc-en-756	128	113	112	1	1	0.5318
q-en-953	doc-en-7294	91	69	68	1	1	0.5630
q-en-954	doc-en-7301	96	56	55	1	1	0.5776
q-en-960	doc-en-7343	100	67	67	0	0	0.5099
q-en-961	doc-en-7350	91	68	67	1	1	0.6395
q-en-965	doc-en-7377	126	99	32	67	67	0.5175
q-en-969	doc-en-7403	100	52	52	0	0	0.4745
q-en-970	doc-en-7410	89	59	59	0	0	0.4414
q-en-972	doc-en-7425	105	57	56	1	1	0.5007
q-en-973	doc-en-7432	119	77	76	1	1	0.6072
q-en-974	doc-en-7438	89	64	64	0	0	0.4953
q-en-975	doc-en-7443	89	61	60	1	1	0.5343
q-en-976	doc-en-7449	91	52	54	-2	2	0.5070
q-en-977	doc-en-7456	87	59	58	1	1	0.5890
q-en-980	doc-en-5233	97	53	52	1	1	0.5027
q-en-994	doc-en-7420	99	54	52	2	2	0.5629
q-en-995	doc-en-7578	87	57	57	0	0	0.5967
